shopName,shopAddress,shopPhone,licencePics,poiQualificationInfoUrl,poiQualificationInfo
天山酒楼,宝塔区百米大道欧锦园,['0911-2900088'],[],,http://i.waimai.meituan.com/node/legacy/poi-qualification?wm_poi_id=891503246801605
肯德基宅急送（东川店）,宝塔办延河居委嘉岭桥东侧迎宾大道3188号一二层,['4009208801'],[],,http://i.waimai.meituan.com/node/legacy/poi-qualification?wm_poi_id=931974723602744
白氏兄弟烧烤,东滨路百米大道融信园小区隔壁,"['13720642336', '09118877465', '15667820715']",[],,http://i.waimai.meituan.com/node/legacy/poi-qualification?wm_poi_id=1086546301655310
楠柏湾大排档,百米大道龙昌园小区1号楼商业二层,['0911-8810001'],[],,http://i.waimai.meituan.com/node/legacy/poi-qualification?wm_poi_id=1024020167749910
西安面筋王,百米大道尹家沟农贸市场中排1号（海旭烟酒商行旁边）,['13892185717'],[],,http://i.waimai.meituan.com/node/legacy/poi-qualification?wm_poi_id=915598013344218
张宏烧烤（手工面筋）,尹家沟公交站牌对面门面房,['18292121108'],[],,http://i.waimai.meituan.com/node/legacy/poi-qualification?wm_poi_id=945108733625774
德克士(延安东大店),陕西省延安市宝塔区百米大道东大百货二楼,['09112112999'],[],,http://i.waimai.meituan.com/node/legacy/poi-qualification?wm_poi_id=1116460748842320
逸茗悦茶饮,陕西省延安市宝塔区桥沟街道办事处尹家沟村百米大道尹家沟二组六号楼23号门面房,['17719615799'],[],,http://i.waimai.meituan.com/node/legacy/poi-qualification?wm_poi_id=1063804449802164
猛男的炒饭（欧锦园店）,百米大道欧锦园B5门面房,['18991782877'],[],,http://i.waimai.meituan.com/node/legacy/poi-qualification?wm_poi_id=1110396255036823
潘桃粥记,宝塔区尹家沟农贸市场东排9-10号,['09112495666'],[],,http://i.waimai.meituan.com/node/legacy/poi-qualification?wm_poi_id=1109687585467256
华莱士炸鸡汉堡（欧锦园店）,延安市宝塔区百米大道欧锦园B座6号,['09118896058'],[],,http://i.waimai.meituan.com/node/legacy/poi-qualification?wm_poi_id=907536359744769
小推手工酸辣粉,陕西省延安市宝塔区桥沟街道办事处尹家沟村百米大道欧锦园街A区7号门面房,['15991593233'],[],,http://i.waimai.meituan.com/node/legacy/poi-qualification?wm_poi_id=911998830759541
延安悸动烧仙草（欧锦园店）,陕西省延安市宝塔区百米大道欧锦园B座7号楼门面,['09112211224'],[],,http://i.waimai.meituan.com/node/legacy/poi-qualification?wm_poi_id=1001359920329061
小湘村（虾尾）,陕西省延安市宝塔区百米大道欧锦园B座8号,['0911-2323111'],[],,http://i.waimai.meituan.com/node/legacy/poi-qualification?wm_poi_id=1121730673740382
西安麦当劳延安中际大厦餐厅,延安市宝塔区中际大厦一楼,['4000517117'],[],,http://i.waimai.meituan.com/node/legacy/poi-qualification?wm_poi_id=904873480026136
米多面多（百米大道店）,桥沟街道办事处泽子沟村延安电大门口完圣农贸市场1018号门面房,"['13992819261', '15829119376']",[],,http://i.waimai.meituan.com/node/legacy/poi-qualification?wm_poi_id=882664204135585
亮亮烤烤烤,宝塔区百米大道市交通局旁,['09118800588'],[],,http://i.waimai.meituan.com/node/legacy/poi-qualification?wm_poi_id=939598290579565
海涛家常小炒,陕西省延安市宝塔区尹家沟农贸市场后门面房,['18729397617'],[],,http://i.waimai.meituan.com/node/legacy/poi-qualification?wm_poi_id=1031905727726760
马小龙炒饭（佳华酒店）,百米大道佳华酒店,['18691103661'],[],,http://i.waimai.meituan.com/node/legacy/poi-qualification?wm_poi_id=1015760945642737
德克士（延安4店）,延安市宝塔区汽车南站德克士,['0911-2498111'],[],,http://i.waimai.meituan.com/node/legacy/poi-qualification?wm_poi_id=865114967728825
欣翔铁板烧烤炒饭,陕西省延安市宝塔区南桥南市办事处凉水井社区白坪巷内财政局门口旁边,['13991778811'],[],,http://i.waimai.meituan.com/node/legacy/poi-qualification?wm_poi_id=1069155979039702
夜来虾,二道街供销市场,['15191196095'],[],,http://i.waimai.meituan.com/node/legacy/poi-qualification?wm_poi_id=944073646509183
王者烤肉拌饭,中心街旅游步行街22号（二黑御膳剪刀面旁边）,"['17729534221', '15667666852']",[],,http://i.waimai.meituan.com/node/legacy/poi-qualification?wm_poi_id=996867384509617
小蹄大作,凤凰城管中队中心街北段朝天门院内,['15319512348'],[],,http://i.waimai.meituan.com/node/legacy/poi-qualification?wm_poi_id=994234569548247
泰熙家（延安万达店）,延安市宝塔区大东门延安万达广场5楼5007,['09118800591'],[],,http://i.waimai.meituan.com/node/legacy/poi-qualification?wm_poi_id=892491089264940
肯德基宅急送（延安万达店）,陕西省延安市宝塔区凤凰社区27号延安万达广场一层1055号商铺,['4009208801'],[],,http://i.waimai.meituan.com/node/legacy/poi-qualification?wm_poi_id=1106341805883807
小海螺餐厅,陕西省延安市宝塔区高第美尚城五楼,['0911-8886406'],[],,http://i.waimai.meituan.com/node/legacy/poi-qualification?wm_poi_id=874336262490536
德克士（二店）,陕西省延安市宝塔区二道街丽融一楼,"['09112313910', '19891119980']",[],,http://i.waimai.meituan.com/node/legacy/poi-qualification?wm_poi_id=849575776089663
昌盛红岐山面,宝塔区大东门御城国际大厦门面房,['18992168363'],[],,http://i.waimai.meituan.com/node/legacy/poi-qualification?wm_poi_id=987177938316536
魏家凉皮,二道街大东门十字,['0911-2124430'],[],,http://i.waimai.meituan.com/node/legacy/poi-qualification?wm_poi_id=1104606639154389
亚军面皮（小东门店）,二道街亚圣二楼外侧门面（陕西省延安市宝塔区二道街亚圣二楼外侧门面）,['09112123751'],[],,http://i.waimai.meituan.com/node/legacy/poi-qualification?wm_poi_id=886190372259760
延成烧烤香菇面,宝塔区二道街北段朝天门院内,['13892198055'],[],,http://i.waimai.meituan.com/node/legacy/poi-qualification?wm_poi_id=1040959518781225
北龙商务酒店餐饮部,宝塔区二庄科沟口北龙大厦,['18909112057'],[],,http://i.waimai.meituan.com/node/legacy/poi-qualification?wm_poi_id=1096712489222161
必胜客宅急送（宝塔店）,陕西省延安市中心街治平大厦一二层,['4009208809'],[],,http://i.waimai.meituan.com/node/legacy/poi-qualification?wm_poi_id=1046487141656026
姚氏姐妹炸肉串,二道街亚盛后楼（中延国际斜对面）,['16609117337'],[],,http://i.waimai.meituan.com/node/legacy/poi-qualification?wm_poi_id=1020584193943789
麻辣虾说(烧烤),陕西省延安市宝塔区桥沟街道办事处尹家沟村农贸市场20号门面房,['17719731164'],[],,http://i.waimai.meituan.com/node/legacy/poi-qualification?wm_poi_id=1082397363236127
重庆傻儿鱼（烧烤）,陕西省延安市宝塔区枣园办枣园五号小区10号楼五单元102室,['13891196302'],[],,http://i.waimai.meituan.com/node/legacy/poi-qualification?wm_poi_id=1120476543257721
串宅原二期客串沾沾,枣园办莫家湾枣园小学对面,['15191161119'],[],,http://i.waimai.meituan.com/node/legacy/poi-qualification?wm_poi_id=969147665548943
醉鸭聚,陕西省延安市宝塔区红化B区7号楼C01号商用房,['18091155715'],[],,http://i.waimai.meituan.com/node/legacy/poi-qualification?wm_poi_id=1046933818271815
关中面管(酸菜鱼，焖肉米饭),陕西省延安市宝塔区新城管委会新城小吃城53号,['13892121366'],[],,http://i.waimai.meituan.com/node/legacy/poi-qualification?wm_poi_id=1097554302838478
喜洋洋火锅外卖【延安店】,百米大道东苑小区16号,['13279117133'],[],,http://i.waimai.meituan.com/node/legacy/poi-qualification?wm_poi_id=1033726793867900
暴躁熊猫火锅外卖（延安店）,陕西省延安市宝塔区北桥沟农贸市场一层22号,['13891123963'],[],,http://i.waimai.meituan.com/node/legacy/poi-qualification?wm_poi_id=909125497622733
滋美乐蛋糕,文化沟路聋哑学校对面,['18516417710'],[],,http://i.waimai.meituan.com/node/legacy/poi-qualification?wm_poi_id=939070009616257
独角兽蛋糕店,光华路丰泽园2号楼,['15891517189'],[],,http://i.waimai.meituan.com/node/legacy/poi-qualification?wm_poi_id=1110018297945213
川味川盖浇饭,陕西省延安市宝塔区宝塔区杨家岭怡苑二期院内门面房,"['18292126686', '18220149453']",[],,http://i.waimai.meituan.com/node/legacy/poi-qualification?wm_poi_id=879567532696142
靖边排骨烩菜（延大店）,河庄坪镇石圪塔村,"['18220149453', '18292126686']",[],,http://i.waimai.meituan.com/node/legacy/poi-qualification?wm_poi_id=985979642421750
味好美龙虾盖浇饭,陕西省延安市宝塔区百米大道圣凯龙家居城一层M02号,"['18091136797', '13038575777', '13488252253']",[],,http://i.waimai.meituan.com/node/legacy/poi-qualification?wm_poi_id=1105955258870588
幸福西饼蛋糕（延安店）,陕西省延安市宝塔区黄嵩洼鑫鑫家园9号楼A栋二层,['0911-2885666'],[],,http://i.waimai.meituan.com/node/legacy/poi-qualification?wm_poi_id=991326876672355
华莱士炸鸡汉堡（燕沟店）,陕西省延安市宝塔区柳林镇燕沟燕翔苑6-7号门面,['0911-2214101'],[],,http://i.waimai.meituan.com/node/legacy/poi-qualification?wm_poi_id=960428881959985
烤肉拌饭,陕西省延安市宝塔区七里铺国胜花园A座120商铺,['13488255534'],[],,http://i.waimai.meituan.com/node/legacy/poi-qualification?wm_poi_id=1043880096553326
延长烤肉王平价川菜,柳林镇丽景花苑8号楼（丽景花苑转盘）,"['09118210333', '18691197335', '18691191335']",[],,http://i.waimai.meituan.com/node/legacy/poi-qualification?wm_poi_id=1019192624537579
麻辣达人冒菜麻辣串,陕西省延安市宝塔区七里铺国胜花园B27号商铺,['15691190005'],[],,http://i.waimai.meituan.com/node/legacy/poi-qualification?wm_poi_id=916306682959606
凸凸擀面皮,陕西省延安市宝塔区七里铺三中第14间门面房,['13809114331'],[],,http://i.waimai.meituan.com/node/legacy/poi-qualification?wm_poi_id=921499298381937
巷儿鱼重庆巫山纸包鱼,陕西省延安市宝塔区南桥白坪商务大厦美食广场6号铺,['18729814660'],[],,http://i.waimai.meituan.com/node/legacy/poi-qualification?wm_poi_id=1038769085459362
第一基大鸡排,陕西省延安市宝塔区三中门面房,['18709111733'],[],,http://i.waimai.meituan.com/node/legacy/poi-qualification?wm_poi_id=901373081643285
网红阿龙功夫煮骨汤麻辣烫,陕西省延安市宝塔区柳林镇七里铺七一大厦,['18991785022'],[],,http://i.waimai.meituan.com/node/legacy/poi-qualification?wm_poi_id=985966757512062
清涧烩菜粉汤烙饼,陕西省延安市宝塔区七里铺国胜花园A座104铺,['09112607327'],[],,http://i.waimai.meituan.com/node/legacy/poi-qualification?wm_poi_id=1101991004023699
十二月雅苑餐厅,陕西省延安市宝塔区诚合大厦1楼商铺115号（不含地下室）,['0911-7772345'],[],,http://i.waimai.meituan.com/node/legacy/poi-qualification?wm_poi_id=1018569854272379
老成都川菜（二庄科店）,二庄科百家苑小区3号楼一层11号门面房,['17784433603'],[],,http://i.waimai.meituan.com/node/legacy/poi-qualification?wm_poi_id=1125033503612158
安四烧烤王(七里铺店）,延安市宝塔区南大街115号红红面馆,['09112494288'],[],,http://i.waimai.meituan.com/node/legacy/poi-qualification?wm_poi_id=1066583293635710
小郭烧烤,宝塔区宝塔山街道办事处东关街百姓家园巷内,['15909218886'],[],,http://i.waimai.meituan.com/node/legacy/poi-qualification?wm_poi_id=906363833678952
小祖宗的饭,凤凰山街道办事处北关街道社区师范路6号铺15号,['15353992291'],[],,http://i.waimai.meituan.com/node/legacy/poi-qualification?wm_poi_id=1087615748494596
周先生的饭（铁板炒饭）,朝天门院内二楼,"['13669118688', '13038563390']",[],,http://i.waimai.meituan.com/node/legacy/poi-qualification?wm_poi_id=976633793599121
华莱士炸鸡汉堡（延安文化沟店）,陕西省延安市文化沟沟口畜牧站家属院102号门面房,['0911-2389889'],[],,http://i.waimai.meituan.com/node/legacy/poi-qualification?wm_poi_id=892478204404261
火吧一族（聚会餐厅店）,陕西省延安市宝塔区中心街治平大厦五楼,['0911-2213222'],[],,http://i.waimai.meituan.com/node/legacy/poi-qualification?wm_poi_id=976307376095000
虾座,陕西省延安市宝塔区凤凰山街道办事处凤凰山社区万达广场6楼0013号,['15309117737'],[],,http://i.waimai.meituan.com/node/legacy/poi-qualification?wm_poi_id=1006372147161449
外婆印象（延安店）,中心街中际二楼,['09112181666'],[],,http://i.waimai.meituan.com/node/legacy/poi-qualification?wm_poi_id=1050494346154760
正新鸡排（官方直营延安店）,陕西省延安市宝塔区大东门十字路口,['15109232518'],[],,http://i.waimai.meituan.com/node/legacy/poi-qualification?wm_poi_id=1008781623775135
麻辣空间（虎头园店）,陕西省延安市宝塔区柳林镇虎头园,['15891519158'],[],,http://i.waimai.meituan.com/node/legacy/poi-qualification?wm_poi_id=998976213433897
网红串串凉沾沾,宝塔区柳林镇南城一品16号楼20号门面房,['15229696931'],[],,http://i.waimai.meituan.com/node/legacy/poi-qualification?wm_poi_id=848020997910054
烤肉拌饭（燕沟店）,柳林镇紫玉南山门面房114号,['13468879478'],[],,http://i.waimai.meituan.com/node/legacy/poi-qualification?wm_poi_id=1064495939542318
薯乐堡,陕西省延安市宝塔区柳林镇燕沟紫玉南山门面房4-17,['13891173654'],[],,http://i.waimai.meituan.com/node/legacy/poi-qualification?wm_poi_id=1094260062933492
北方大妈饺子馆,陕西省延安市宝塔区七里铺二庄科看守所路,['17809111852'],[],,http://i.waimai.meituan.com/node/legacy/poi-qualification?wm_poi_id=1012097338559671
美冒新派麻辣烫（凤凰广场店）,陕西省延安市宝塔区凤凰山街道办事处凤凰山社区凤凰广场南楼A区5楼,"['17634336131', '17729113733', '17791158569']",[],,http://i.waimai.meituan.com/node/legacy/poi-qualification?wm_poi_id=1063709960551448
子长龙虎山凉汤沾沾,宝塔区二道街生产资料公司院内,['18091179476'],[],,http://i.waimai.meituan.com/node/legacy/poi-qualification?wm_poi_id=972764028030284
